gene,fraction_expressing,mean_expression
PRDM1,0.14647766323024056,0.16482408
KIT,0.025623111000703847,0.025138512
